ID,Name,Cases,Cases_Percentage,Cases_Percentage_mapped,testing,population,pop_density,pop_density_corrected,ethnicity_Latin_American,ethnicity_South_Asian,ethnicity_Chinese,ethnicity_Black,ethnicity_Filipino,ethnicity_Arab,ethnicity_Southeast_Asian,ethnicity_West_Asian,ethnicity_Korean,ethnicity_Japanese,ethnicity_Not_visible_minority,ethnicity_visible_minority_percentage,ethnicity_visible_minority_percentage_mapped,ethnicity_not_visible_minority_percentage,Median_Household_income,Median_Household_income_corrected,Median_Household_income_corrected_inverted,Poverty_percentage,Poverty_percentage_mapped,Edu_No_Education,Edu_Secondary_school_diploma,Edu_College,Edu_University,Edu_highschool_or_below_percentage,Edu_highschool_or_below_percentage_mapped,house_Single-detached_houses,house_Apartments_greater_than_5_story,house_Semi-detached_house,house_Row_house,house_Apartment_or_flat_in_a_duplex,house_Apartment_in_fewer_than_five_storeys,house_Other_single-attached_house,house_Movable_dwelling,average_household_size,average_household_size_corrected,apartments_percentage,apartments_percentage_mapped
129,Agincourt North,1397,0.055902361,0.233463838,0.140709961,"24,990","3,929",0.066749844,170,"5,315","16,460","1,340","1,420",275,260,125,70,60,"2,465",0.91184,0.93818,0.08816,60162,0.158581772,0.841418228,0.192,0.396011396,6550,7460,3540,5805,0.599871548,0.743457596,0.3666,0.2323,0.0882,0.1578,0.0707,0.0805,0.0016,0.0005,3.16,0.852631579,0.3835,0.353337545
128,Agincourt South-Malvern West,1237,0.060652121,0.265028913,0.159126332,"20,395","3,034",0.046071024,230,"4,190","11,110","1,545","1,280",300,155,375,140,40,"3,320",0.85365,0.86994,0.14635,59013,0.152071931,0.847928069,0.222,0.481481481,4035,6090,3150,5765,0.53177521,0.625063347,0.343,0.3866,0.0406,0.0633,0.0854,0.075,0.008,0,2.88,0.705263158,0.547,0.525479048
20,Alderwood,499,0.048611788,0.1850135,0.213504724,"10,265","2,435",0.032231233,180,540,275,300,615,90,55,20,65,35,"9,535",0.18574,0.08665,0.81426,71585,0.223300586,0.776699414,0.079,0.074074074,2005,2960,2095,2290,0.531016043,0.623743437,0.6147,0.0552,0.118,0.0184,0.0714,0.1212,0,0,2.6,0.557894737,0.2478,0.210465361
95,Annex,951,0.036166572,0.10230739,0.249195319,"26,295","10,863",0.226958712,405,"1,125","2,145",935,350,300,190,340,605,255,"21,380",0.23725,0.14706,0.76275,57825,0.145341129,0.854658871,0.201,0.421652422,1585,4270,2700,16590,0.232849473,0.105342473,0.0405,0.5124,0.0744,0.0373,0.0286,0.3009,0.0056,0,1.8,0.136842105,0.8419,0.835965466
42,Banbury-Don Mills,903,0.038614496,0.11857535,0.201276779,"23,385","2,775",0.040086874,350,"2,825","4,630",970,"1,135",550,110,755,560,210,"14,290",0.4584,0.40642,0.5416,70039,0.214541478,0.785458522,0.14,0.247863248,2295,5150,3490,10850,0.34174891,0.294678162,0.2874,0.5171,0.0235,0.061,0.0033,0.1085,0,0,2.23,0.363157895,0.6289,0.611707728
34,Bathurst Manor,1541,0.116170373,0.633981821,0.261711054,"13,265","3,377",0.05399598,575,550,655,550,"1,950",155,150,270,305,35,"10,165",0.33822,0.26547,0.66178,56563,0.138191069,0.861808931,0.151,0.279202279,1665,3390,2125,4980,0.415707237,0.423264234,0.3462,0.338,0.0271,0.0074,0.1053,0.176,0.0025,0,2.56,0.536842105,0.6193,0.601600337
76,Bay Street Corridor,673,0.028111947,0.048779456,0.152788887,"23,940","14,097",0.301679721,460,"2,420","7,435",775,380,"1,310",340,615,"1,340",335,"9,675",0.61431,0.58926,0.38569,50363,0.103063988,0.896936012,0.397,0.98005698,700,5740,1595,15090,0.278486486,0.184688296,0.0003,0.9818,0,0.001,0,0.0159,0.0007,0,1.7,0.084210526,0.9977,1
52,Bayview Village,545,0.029105474,0.055382054,0.147968076,"18,725","4,195",0.072895728,410,"1,360","5,860",755,765,355,200,"2,440","1,655",180,"6,635",0.67815,0.66412,0.32185,67186,0.198377355,0.801622645,0.247,0.552706553,1310,3680,2905,9790,0.282160023,0.191075211,0.2124,0.6188,0.0126,0.0923,0.0079,0.0545,0.0005,0,2.22,0.357894737,0.6812,0.666771952
49,Bayview Woods-Steeles,643,0.057668161,0.245198665,0.165473819,"11,150","3,240",0.050830619,150,670,"4,360",530,175,130,135,"1,015",710,70,"4,405",0.64332,0.62328,0.35668,70294,0.215986221,0.784013779,0.197,0.41025641,1295,2385,1595,5120,0.354016354,0.316006693,0.333,0.3777,0.1053,0.0426,0.0213,0.1213,0,0,2.7,0.610526316,0.5203,0.497367867
39,Bedford Park-Nortown,1119,0.060307195,0.262736668,0.258173457,"18,555","4,209",0.073219195,345,455,"1,030",315,"1,790",90,75,305,195,65,"18,270",0.2034,0.10737,0.7966,90934,0.332925406,0.667074594,0.096,0.122507123,1985,3815,2135,9625,0.330296128,0.274766026,0.5598,0.2317,0.0052,0.0075,0.0366,0.1463,0.0134,0,2.68,0.6,0.4146,0.38608128
112,Beechborough-Greenbrook,680,0.129400571,0.721904619,0.260059118,"5,255","3,614",0.059471824,335,330,110,"2,070",395,70,215,10,15,0,"2,610",0.5763,0.54468,0.4237,41175,0.051007921,0.948992079,0.254,0.572649573,1605,1515,890,610,0.675324675,0.874642571,0.2505,0.2505,0.0301,0.0056,0.0339,0.4256,0,0,2.4,0.452631579,0.71,0.697094125
127,Bendale,2286,0.092889069,0.479263247,0.207556657,"24,610","4,011",0.06864444,530,"8,305","4,400","1,910","2,885",335,310,815,205,155,"8,020",0.71224,0.7041,0.28776,55786,0.133788852,0.866211148,0.225,0.49002849,4750,7605,4255,6295,0.539401877,0.63832329,0.3595,0.4505,0.0269,0.0302,0.0999,0.0316,0.0019,0.0005,2.7,0.610526316,0.582,0.562328911
122,Birchcliffe-Cliffside,1049,0.057166213,0.241862912,0.269880265,"18,350","3,765",0.062960652,225,"1,405","1,190",890,830,105,265,95,30,195,"15,940",0.24705,0.15855,0.75295,64701,0.184298195,0.815701805,0.148,0.270655271,2930,5245,3610,5170,0.482158655,0.538798579,0.5323,0.1027,0.0462,0.0043,0.0956,0.2129,0.0043,0,2.36,0.431578947,0.4112,0.382501579
24,Black Creek,2844,0.167688679,0.97635263,0.232842131,"16,960","6,282",0.121115501,"1,780","2,110",765,"6,315",920,705,"2,595",620,40,30,"4,125",0.7938,0.79976,0.2062,41878,0.054990878,0.945009122,0.286,0.663817664,6420,5195,2360,1565,0.747425997,1,0.0929,0.5553,0.0902,0.1557,0.0212,0.0861,0.0007,0,2.94,0.736842105,0.6626,0.647188882
69,Blake-Jones,256,0.040764331,0.132862325,0.245039377,"6,280","8,134",0.16390564,80,445,950,950,55,45,90,145,15,35,"4,725",0.37293,0.30618,0.62707,55411,0.13166423,0.86833577,0.22,0.475783476,1175,1345,920,2435,0.42893617,0.446264438,0.1581,0.1502,0.2604,0.1182,0.0543,0.254,0.0048,0,2.46,0.484210526,0.4585,0.432301537
108,Briar Hill-Belgravia,1160,0.093889114,0.48590916,0.273493569,"12,355","7,791",0.155980684,920,410,260,"1,170","3,035",45,170,40,130,70,"7,710",0.44771,0.39388,0.55229,53990,0.12361333,0.87638667,0.161,0.307692308,2545,3080,2170,3405,0.502232143,0.573698922,0.2807,0.4176,0.027,0.0131,0.0671,0.1918,0.0009,0,2.48,0.494736842,0.6765,0.661823542
41,Bridle Path-Sunnybrook-York Mills,232,0.02997416,0.061155006,0.236844189,"7,740","1,040",0,65,375,"1,410",115,50,40,45,325,185,55,"6,415",0.2935,0.21303,0.7065,208674,1,0,0.094,0.116809117,615,1500,510,4795,0.285040431,0.196083172,0.7011,0.1818,0.0123,0.0709,0.0092,0.0247,0,0,2.83,0.678947368,0.2157,0.176668772
57,Broadview North,477,0.048279352,0.182804258,0.228710588,"9,880","6,764",0.132252027,250,630,470,565,500,125,85,140,70,70,"8,200",0.26159,0.17561,0.73841,45969,0.078169086,0.921830914,0.217,0.467236467,1665,2295,1705,3510,0.431607629,0.450909114,0.15,0.5869,0.0777,0.0141,0.0265,0.1439,0,0,2,0.242105263,0.7573,0.746894083
30,Brookhaven-Amesbury,1688,0.117671663,0.643958816,0.24875349,"14,345","5,045",0.092534831,"1,880","1,190",450,"4,770","1,250",50,"1,095",130,50,10,"6,075",0.64159,0.62125,0.35841,47040,0.084237006,0.915762994,0.223,0.484330484,4270,4150,2555,1920,0.652966266,0.835769598,0.2762,0.5779,0.037,0.0039,0.0208,0.0833,0,0,2.73,0.626315789,0.682,0.667614235
71,Cabbagetown-South St. James Town,540,0.052967141,0.213957497,0.230487477,"10,195","8,335",0.16854971,260,525,720,510,485,110,125,50,95,35,"7,815",0.27167,0.18743,0.72833,60268,0.159182332,0.840817668,0.191,0.393162393,770,2065,1600,5105,0.297169811,0.217171661,0.0248,0.5241,0.0714,0.0978,0.0248,0.2547,0.0031,0,1.71,0.089473684,0.8036,0.795641188
109,Caledonia-Fairbank,863,0.102494062,0.543094329,0.28401481,"8,420","6,464",0.125320579,825,230,235,860,890,0,160,10,30,10,"6,320",0.3396,0.2671,0.6604,56115,0.135652854,0.864347146,0.132,0.225071225,2925,2175,1385,1160,0.667102681,0.860347576,0.4559,0.0448,0.118,0.0054,0.1194,0.2551,0,0,2.69,0.605263158,0.4193,0.39102969
96,Casa Loma,359,0.037454356,0.110865506,0.24371622,"9,585","5,683",0.10727571,225,360,420,280,85,65,55,65,110,80,"9,025",0.16202,0.05884,0.83798,78152,0.260506963,0.739493037,0.14,0.247863248,490,1690,1165,5920,0.235294118,0.109592803,0.1617,0.4954,0.049,0.037,0.0287,0.2264,0,0,2,0.242105263,0.7505,0.739734681
133,Centennial Scarborough,674,0.060205449,0.262060503,0.206993833,"11,195","2,479",0.033247845,115,"2,475",710,945,785,175,55,100,40,85,"7,525",0.4216,0.36326,0.5784,102864,0.400516708,0.599483292,0.06,0.01994302,1295,2820,2235,4055,0.395482941,0.388101692,0.8014,0,0.0365,0.1107,0.0342,0.0137,0,0.0011,3.05,0.794736842,0.0479,0
75,Church-Yonge Corridor,1210,0.041580756,0.13828797,0.170391479,"29,100","23,044",0.508398604,695,"2,510","3,835","1,465",755,625,320,500,665,235,"17,880",0.39359,0.33041,0.60641,47195,0.085115183,0.914884817,0.262,0.595441595,1220,5510,3800,16930,0.245083758,0.126613353,0.0005,0.9174,0.0013,0.0112,0.0023,0.065,0.0015,0,1.54,0,0.9847,0.986312908
120,Clairlea-Birchmount,2110,0.097056118,0.506955849,0.267226009,"21,740","3,632",0.059887711,375,"6,140","2,120","2,670","3,140",160,250,185,110,180,"10,185",0.60082,0.57344,0.39918,59224,0.153267385,0.846732615,0.18,0.361823362,4215,6165,3930,5755,0.517318714,0.599928868,0.3389,0.2124,0.1097,0.113,0.0784,0.1422,0.0054,0,2.84,0.684210526,0.433,0.40545378
33,Clanton Park,876,0.064128843,0.288133868,0.29810861,"13,660","3,979",0.067905085,255,400,500,560,"3,315",155,210,165,175,50,"10,115",0.36384,0.29552,0.63616,61094,0.163862166,0.836137834,0.138,0.242165242,1735,3245,2310,5290,0.395866455,0.38876848,0.3672,0.3534,0.0015,0.0023,0.0847,0.1916,0.0015,0.0008,2.51,0.510526316,0.6297,0.612550011
123,Cliffcrest,907,0.06845283,0.316869419,0.226051036,"13,250","2,273",0.028488251,135,"3,000",765,990,775,80,60,165,55,90,"9,235",0.39837,0.33602,0.60163,68647,0.206654882,0.793345118,0.155,0.290598291,2165,3925,2645,3640,0.492121212,0.556119767,0.5724,0.2261,0.0093,0.0737,0.0796,0.0271,0.0102,0,2.68,0.6,0.3328,0.299957886
92,Corso Italia-Davenport,845,0.069433032,0.323383464,0.278082092,"12,170","7,478",0.148748874,"1,135",325,445,655,370,45,95,80,65,60,"10,570",0.23655,0.14624,0.76345,63149,0.175505093,0.824494907,0.133,0.227920228,3390,2875,1675,3285,0.558129176,0.670883109,0.2257,0,0.2238,0.0191,0.111,0.4067,0.0118,0,2.56,0.536842105,0.5177,0.494630449
66,Danforth,320,0.040251572,0.129454726,0.302902111,"7,950","8,554",0.173609667,85,705,820,340,90,25,65,30,65,90,"7,110",0.24562,0.15688,0.75438,69640,0.212280881,0.787719119,0.122,0.196581197,1440,1670,1145,3295,0.41192053,0.416680557,0.1745,0.0841,0.3159,0.0076,0.0548,0.3592,0.0064,0,2.44,0.473684211,0.4981,0.473994525
59,Danforth East York,628,0.044697509,0.15900071,0.267678511,"14,050","7,881",0.158060119,300,"1,030","1,530",700,440,95,140,155,140,260,"11,985",0.28554,0.2037,0.71446,70739,0.218507439,0.781492561,0.123,0.199430199,2500,3045,2370,5255,0.42103265,0.432523151,0.4131,0.1254,0.2422,0.005,0.0783,0.1346,0.0021,0,2.43,0.468421053,0.3383,0.305748579
47,Don Valley Village,1190,0.05228471,0.209422324,0.154485314,"22,760","6,441",0.124789168,550,"2,890","6,960","1,285","2,170",885,190,"2,450",835,135,"7,795",0.70186,0.69193,0.29814,56780,0.139420516,0.860579484,0.237,0.524216524,2505,5220,3635,9675,0.367245068,0.339006515,0.2125,0.5644,0.0361,0.1419,0.0145,0.0306,0,0,2.69,0.605263158,0.6095,0.591282375
126,Dorset Park,2215,0.11000745,0.59302541,0.249065772,"20,135","4,146",0.071763591,270,"7,245","2,745","2,205","3,430",810,265,795,25,65,"5,440",0.76647,0.76771,0.23353,51724,0.110774949,0.889225051,0.201,0.421652422,3975,5985,3570,4945,0.539106901,0.637810436,0.2426,0.4294,0.0382,0.1777,0.0581,0.053,0.0006,0,2.78,0.652631579,0.5405,0.518635502
93,Dovercourt-Wallace Emerson-Junction,1667,0.052363751,0.2099476,0.230282276,"31,835","9,819",0.202837273,"1,510","2,105","2,825","2,110",610,180,"1,000",210,435,245,"23,935",0.31935,0.24335,0.68065,56997,0.140649964,0.859350036,0.164,0.316239316,7105,7335,4590,10775,0.484482469,0.542838829,0.1068,0.1479,0.1339,0.0745,0.0741,0.4491,0.0144,0.0003,2.37,0.436842105,0.6711,0.656138134
26,Downsview-Roding-CFB,4528,0.154776961,0.890546328,0.273390015,"29,255","2,337",0.02996696,"3,605","1,380",780,"5,455","4,535",255,"2,065",510,130,50,"14,945",0.55666,0.52165,0.44334,47173,0.084990538,0.915009462,0.181,0.364672365,8590,8365,5015,4485,0.640899641,0.814790217,0.3299,0.235,0.0705,0.0491,0.0324,0.2834,0.0004,0.0008,2.67,0.594736842,0.5508,0.529479891
83,Dufferin Grove,556,0.053333333,0.216391068,0.239356793,"10,425","8,540",0.173286199,490,665,845,595,170,90,235,45,120,60,"8,080",0.29092,0.21,0.70908,47843,0.088786529,0.911213471,0.173,0.341880342,2150,2125,1590,3965,0.434893184,0.456621473,0.057,0.2456,0.092,0.0202,0.0736,0.4968,0.0175,0,2.15,0.321052632,0.816,0.808696568
62,East End-Danforth,790,0.045691151,0.165604072,0.26644465,"17,290","8,038",0.161687577,275,"1,700","1,325","1,285",685,145,95,155,190,165,"14,535",0.29287,0.21229,0.70713,63526,0.177641047,0.822358953,0.18,0.361823362,2290,3915,3155,6860,0.382552404,0.36562029,0.1928,0.2271,0.2124,0.0648,0.0528,0.244,0.0044,0.0005,2.29,0.394736842,0.5239,0.501158139
9,Edenbridge-Humber Valley,776,0.059304547,0.256073455,0.241576221,"13,085","2,840",0.041588688,675,390,370,795,200,100,55,55,270,100,"11,980",0.2008,0.10432,0.7992,71646,0.223646191,0.776353809,0.105,0.148148148,1725,3175,2055,5190,0.403458213,0.40196773,0.4085,0.3845,0.0136,0.0208,0.0064,0.1655,0,0,2.43,0.468421053,0.5564,0.535375869
138,Eglinton East,1861,0.102959889,0.546190036,0.231480089,"18,075","7,051",0.138883113,400,"6,490",895,"4,130","2,970",240,195,555,40,65,"4,880",0.76606,0.76722,0.23394,46495,0.081149222,0.918850778,0.235,0.518518519,3925,5645,3305,3650,0.579122542,0.707382778,0.1939,0.6273,0.0152,0.0644,0.0739,0.0246,0.0013,0,2.81,0.668421053,0.7258,0.713729206
5,Elms-Old Rexdale,959,0.12552356,0.696139498,0.240479979,"7,640","3,306",0.052355537,765,840,105,"2,930",465,40,370,285,105,15,"3,085",0.65741,0.63981,0.34259,50846,0.105800501,0.894199499,0.204,0.43019943,1870,2620,1380,1130,0.641428571,0.815709831,0.3075,0.427,0.0217,0.1599,0.0621,0.0202,0,0,2.93,0.731578947,0.5093,0.485786481
32,Englemount-Lawrence,2171,0.127033353,0.706173,0.274295778,"17,090","6,466",0.125366789,550,365,390,"2,305","3,950",90,215,180,175,25,"13,030",0.38754,0.32332,0.61246,49762,0.099658927,0.900341073,0.191,0.393162393,2675,4340,2635,5880,0.451706375,0.48585337,0.231,0.3675,0.0036,0.0321,0.0619,0.3044,0,0,2.65,0.584210526,0.7338,0.722152032
11,Eringate-Centennial-West Deane,799,0.050235775,0.195805891,0.202899816,"15,905","2,171",0.026131559,400,"1,275",790,975,445,145,110,125,390,100,"13,395",0.26198,0.17607,0.73802,80894,0.276042198,0.723957802,0.091,0.108262108,2435,4225,3035,4915,0.455852156,0.493061344,0.5717,0.26,0.0524,0.0881,0.0182,0.0109,0.0007,0,2.7,0.610526316,0.2891,0.2539482
13,Etobicoke West Mall,890,0.091095189,0.467341811,0.232701679,"9,770","6,582",0.128046949,445,"1,165",335,790,635,170,155,290,295,30,"6,950",0.38277,0.31772,0.61723,56010,0.13505796,0.86494204,0.168,0.327635328,1730,2715,1765,2705,0.498597869,0.567380268,0.2105,0.6892,0.0207,0.0502,0.0131,0.012,0.0022,0,2.5,0.505263158,0.7143,0.701621394
44,Flemingdon Park,1971,0.112339698,0.608524632,0.23099514,"17,545","9,026",0.184515145,390,"7,650","1,015","2,130","2,270",370,230,"2,190",250,45,"4,695",0.7789,0.78228,0.2211,46554,0.081483496,0.918516504,0.308,0.726495726,3825,4850,2740,4910,0.531393568,0.624399813,0,0.8206,0.023,0.0722,0.0006,0.0824,0,0,2.8,0.663157895,0.9036,0.900926511
102,Forest Hill North,620,0.058407913,0.250114771,0.296079383,"10,615","8,054",0.162057254,420,170,265,500,"1,595",65,20,165,115,55,"9,100",0.27025,0.18576,0.72975,61596,0.166706326,0.833293674,0.155,0.290598291,880,2190,1440,5320,0.312309257,0.243493537,0.2697,0.6294,0.0028,0.0055,0.0202,0.0706,0,0,2.33,0.415789474,0.7202,0.707833228
101,Forest Hill South,241,0.026025918,0.034916511,0.255749088,"9,260","4,380",0.077170121,140,245,460,205,335,40,75,90,45,35,"8,820",0.1592,0.05553,0.8408,78269,0.261169845,0.738830155,0.112,0.168091168,690,1605,980,5575,0.259322034,0.151368428,0.3404,0.4091,0.0131,0.0081,0.0141,0.2121,0,0,2.14,0.315789474,0.6353,0.618445989
25,Glenfield-Jane Heights,3668,0.15020475,0.860161176,0.260515796,"24,420","5,864",0.111457684,"3,680","2,150","1,170","7,360","1,515",345,"3,985",425,10,10,"7,065",0.74508,0.74262,0.25492,46475,0.081035909,0.918964091,0.218,0.47008547,9560,7190,3650,2110,0.744113727,0.994241193,0.0419,0.3436,0.3315,0.1362,0.0333,0.116,0,0,3.04,0.789473684,0.4929,0.468519688
65,Greenwood-Coxwell,464,0.038942509,0.120755198,0.231497068,"11,915","8,582",0.174256602,205,"1,070","2,090",940,300,80,190,85,85,125,"8,755",0.37127,0.30424,0.62873,57853,0.145499768,0.854500232,0.183,0.37037037,1960,2710,2005,4590,0.414558367,0.421266776,0.1595,0.0851,0.2446,0.0554,0.0595,0.3901,0.005,0.0008,2.37,0.436842105,0.5347,0.512528953
140,Guildwood,516,0.061685595,0.271896983,0.258160172,"8,365","2,673",0.037730182,120,815,275,625,490,30,70,45,45,100,"6,785",0.27819,0.19508,0.72181,76055,0.248626078,0.751373922,0.08,0.076923077,1080,2225,1590,2715,0.434296978,0.455584892,0.5451,0.2732,0.0351,0.0752,0.0451,0.0238,0,0,2.42,0.463157895,0.3421,0.309749421
53,Henry Farm,1228,0.092995078,0.479967742,0.162862654,"13,205","6,047",0.115685867,365,"3,365","3,080",810,"1,200",805,115,"1,255",445,50,"3,680",0.75742,0.75708,0.24258,52675,0.11616299,0.88383701,0.293,0.683760684,1210,2765,1920,6370,0.324092947,0.263980999,0.0778,0.8374,0,0.0683,0.0024,0.0126,0.0008,0,2.47,0.489473684,0.8524,0.847020425
88,High Park North,640,0.033719705,0.086046455,0.204877656,"18,980","11,726",0.246898177,690,950,830,755,380,225,185,220,380,175,"16,640",0.22352,0.13096,0.77648,60879,0.162644049,0.837355951,0.166,0.321937322,1535,3250,2980,10125,0.267467859,0.165530994,0.1242,0.5907,0.0544,0.0118,0.0372,0.18,0.0009,0,1.98,0.231578947,0.8079,0.800168457
87,High Park-Swansea,705,0.035579107,0.098403324,0.223518858,"19,815","4,893",0.089022897,475,800,740,855,325,150,240,85,270,150,"18,885",0.17802,0.0776,0.82198,72286,0.227272212,0.772727788,0.108,0.156695157,1575,3385,3100,10665,0.264886515,0.161042995,0.2441,0.3297,0.0474,0.0267,0.052,0.2979,0.0023,0,2.15,0.321052632,0.6796,0.665087387
134,Highland Creek,1045,0.095652174,0.497625778,0.182852131,"10,925","2,403",0.031491879,205,"4,515",955,"1,550",805,85,85,100,130,35,"3,185",0.72661,0.72096,0.27339,98087,0.373451859,0.626548141,0.111,0.165242165,1625,3200,2085,3055,0.484194681,0.542338473,0.839,0,0.0014,0.0041,0.1475,0.0081,0,0,3.37,0.963157895,0.1556,0.113392293
48,Hillcrest Village,591,0.039932432,0.127333844,0.145912019,"14,800","3,148",0.048704974,220,"1,525","8,225",620,305,180,90,650,650,60,"4,130",0.75203,0.75076,0.24797,64522,0.183284042,0.816715958,0.199,0.415954416,1865,3400,2155,6445,0.379733141,0.360718638,0.2578,0.3031,0.1289,0.1672,0.0242,0.118,0,0,2.64,0.578947368,0.4453,0.418403874
8,Humber Heights-Westmount,802,0.092556261,0.477051533,0.277406173,"8,665","3,981",0.067951295,485,325,100,"1,150",170,50,25,60,135,0,"7,365",0.25342,0.16603,0.74658,60410,0.159986856,0.840013144,0.135,0.233618234,1555,2305,1645,2340,0.492033142,0.555966646,0.4063,0.4776,0.0145,0.0157,0.0435,0.0459,0,0,2.45,0.478947368,0.567,0.546536113
21,Humber Summit,1404,0.136842105,0.771358186,0.215234006,"10,260","1,570",0.012245558,895,"3,590",135,"1,835",345,205,440,255,45,0,"4,265",0.64488,0.62511,0.35512,57786,0.145120169,0.854879831,0.183,0.37037037,3495,2990,1505,1450,0.686970339,0.894890056,0.1346,0.1821,0.459,0.0218,0.0244,0.1756,0,0.0013,3.18,0.863157895,0.3821,0.35186355
22,Humbermede,2156,0.171247021,1,0.249533036,"12,590","3,565",0.058339687,"1,830","3,275",375,"3,440",880,155,"1,085",145,65,35,"3,565",0.75993,0.76004,0.24007,51959,0.112106378,0.887893622,0.203,0.427350427,3635,3825,2110,1955,0.647288503,0.825898077,0.1137,0.3136,0.2245,0.09,0.0158,0.2394,0,0,3.07,0.805263158,0.5688,0.548431249
106,Humewood-Cedarvale,553,0.045816073,0.166434255,0.282993275,"12,070","7,682",0.153462258,530,320,295,710,"1,435",115,80,55,150,120,"10,125",0.27341,0.18947,0.72659,57140,0.141460153,0.858539847,0.161,0.307692308,1125,2225,1885,6060,0.296591412,0.21616604,0.282,0.2599,0.0404,0,0.0236,0.3956,0,0,2.17,0.331578947,0.6791,0.66456096
125,Ionview,669,0.059229748,0.25557637,0.206170182,"11,295","7,031",0.138421016,225,"3,730",600,"1,705","2,400",235,135,175,35,10,"3,660",0.7165,0.7091,0.2835,46955,0.083755425,0.916244575,0.214,0.458689459,2385,3260,2100,2600,0.545674239,0.649228597,0.1973,0.5571,0.0725,0.028,0.0735,0.0522,0.0193,0,2.63,0.573684211,0.6828,0.668456517
14,Islington-City Centre West,2467,0.065962567,0.300320091,0.226574219,"37,400","2,712",0.03863127,"1,330","3,525","1,875","3,055","1,675",680,490,530,"1,620",195,"27,195",0.35511,0.28528,0.64489,66537,0.194700343,0.805299657,0.143,0.256410256,4440,8415,6590,15135,0.371746674,0.346833138,0.2678,0.6388,0.0065,0.0336,0.0129,0.0388,0.0003,0,2.24,0.368421053,0.6905,0.676563487
90,Junction Area,678,0.0565,0.237435517,0.231291454,"12,000","5,442",0.101707447,490,525,885,550,615,30,395,35,70,115,"9,925",0.27209,0.18793,0.72791,60789,0.16213414,0.83786586,0.137,0.239316239,1695,2510,1935,5110,0.373777778,0.350364472,0.1227,0.1194,0.1625,0.0937,0.0846,0.4163,0.0017,0,2.33,0.415789474,0.6203,0.60265319
110,Keelesdale-Eglinton West,961,0.101962865,0.539564198,0.266955841,"9,425","6,467",0.125389894,910,915,160,"1,195",760,25,335,75,20,40,"6,350",0.41122,0.35108,0.58878,48667,0.093455032,0.906544968,0.157,0.296296296,3640,2675,1270,1105,0.726697353,0.963960585,0.399,0.1589,0.1016,0.0024,0.0944,0.2401,0,0,2.64,0.578947368,0.4934,0.469046115
124,Kennedy Park,1298,0.090642458,0.464333136,0.220573286,"14,320","4,770",0.086181003,250,"4,165","1,035","2,130","2,590",165,240,175,50,75,"5,215",0.67589,0.66147,0.32411,44226,0.068293844,0.931706156,0.237,0.524216524,2990,4410,2575,3025,0.569230769,0.690184658,0.2743,0.4309,0.0532,0.019,0.1033,0.1056,0.0122,0,2.6,0.557894737,0.6398,0.623183828
78,Kensington-Chinatown,836,0.051764706,0.205966578,0.185951363,"16,150","11,806",0.248746563,315,760,"6,075",880,445,300,585,195,330,220,"6,940",0.59284,0.56408,0.40716,40793,0.048843639,0.951156361,0.306,0.720797721,2850,4205,1855,6395,0.46096047,0.501942806,0.008,0.5294,0.0246,0.0686,0.028,0.335,0.0063,0,2,0.242105263,0.8924,0.889134555
6,Kingsview Village-The Westway,2025,0.114116653,0.62033359,0.220462453,"17,745","4,356",0.076615605,980,"3,630",410,"5,340",685,275,270,535,210,35,"8,835",0.58335,0.55295,0.41665,55454,0.131907854,0.868092146,0.229,0.501424501,4170,5505,2940,3720,0.592286501,0.730270016,0.2794,0.6114,0.0167,0.0405,0.0218,0.0283,0,0,2.82,0.673684211,0.6615,0.646030743
15,Kingsway South,242,0.031884058,0.073847452,0.253641638,"7,590","3,593",0.058986622,55,205,300,80,110,20,25,40,135,45,"8,060",0.11185,-0.00001,0.88815,131047,0.560191952,0.439808048,0.053,0,545,1290,975,4440,0.253103448,0.140556616,0.6444,0.2204,0.0195,0.0139,0.0084,0.0934,0,0,2.56,0.536842105,0.3222,0.288797642
114,Lambton Baby Point,265,0.042231076,0.142609747,0.226606729,"6,275","4,697",0.084494351,150,270,175,835,170,40,35,55,50,10,"6,030",0.2289,0.13727,0.7711,69525,0.21162933,0.78837067,0.168,0.327635328,855,1215,880,2950,0.350847458,0.310497159,0.4071,0.2244,0.1747,0.0593,0.0304,0.1074,0,0,2.56,0.536842105,0.3622,0.330911771
117,L'Amoreaux,2531,0.06770095,0.311872714,0.17224467,"37,385","6,144",0.117927035,415,"7,240","16,165","3,625","2,495",990,280,790,195,145,"9,945",0.76481,0.76576,0.23519,53644,0.121653012,0.878346988,0.218,0.47008547,8055,10555,6475,9780,0.533773125,0.628536979,0.2449,0.4493,0.0615,0.1605,0.0279,0.0552,0.001,0,2.89,0.710526316,0.5324,0.510107391
38,Lansing-Westgate,542,0.03970696,0.125835444,0.203892181,"13,650","3,038",0.046163444,240,"1,005","1,740",405,"1,045",185,90,975,875,70,"9,140",0.42042,0.36187,0.57958,70571,0.217555608,0.782444392,0.193,0.398860399,1050,2740,1780,7355,0.293230174,0.210322095,0.3574,0.5061,0.0046,0,0.0281,0.0994,0.0023,0,2.44,0.473684211,0.6336,0.616656138
105,Lawrence Park North,296,0.026252772,0.036424096,0.239157705,"11,275","6,407",0.124003604,100,355,"1,195",220,260,20,115,185,300,135,"11,455",0.20119,0.10477,0.79881,125667,0.529710711,0.470289289,0.069,0.045584046,870,1745,1135,7000,0.243255814,0.123435236,0.5733,0.0378,0.1631,0.0055,0.0341,0.1853,0,0,2.69,0.605263158,0.2572,0.220362182
103,Lawrence Park South,313,0.025498982,0.031414698,0.259955766,"12,275","4,685",0.084217093,110,315,865,240,295,30,45,245,125,60,"12,560",0.15648,0.05234,0.84352,127853,0.54209584,0.45790416,0.083,0.085470085,945,1815,1115,7880,0.234793705,0.10872277,0.5953,0.161,0.0191,0.0061,0.04,0.1767,0.0009,0,2.63,0.573684211,0.3777,0.347230996
56,Leaside-Bennington,423,0.031685393,0.072527201,0.258862003,"13,350","3,596",0.059055937,140,450,"1,025",280,225,75,85,160,200,75,"13,710",0.1653,0.06268,0.8347,102666,0.399394908,0.600605092,0.074,0.05982906,1125,2350,1680,7665,0.271060842,0.171777858,0.5536,0.0815,0.1234,0.0116,0.007,0.2205,0,0,2.59,0.552631579,0.309,0.274899979
84,Little Portugal,699,0.05119004,0.202147569,0.228624805,"13,655","12,859",0.273075946,455,445,"1,435",640,190,55,325,85,180,120,"10,790",0.26698,0.18193,0.73302,59886,0.157018051,0.842981949,0.153,0.284900285,2385,2775,1990,5840,0.397228637,0.391136811,0.0363,0.3977,0.0619,0.0814,0.0323,0.3816,0.0061,0,2.03,0.257894737,0.8116,0.804064013
19,Long Branch,417,0.047793696,0.179576775,0.211623644,"8,725","4,584",0.081883505,255,330,200,470,410,55,125,105,15,20,"7,760",0.20369,0.10771,0.79631,52771,0.116706893,0.883293107,0.175,0.347578348,1320,2340,1800,2585,0.454940957,0.491477107,0.3074,0.2357,0.0166,0.0187,0.0478,0.3728,0.0021,0,2.09,0.289473684,0.6563,0.640555907
132,Malvern,3867,0.10774589,0.577995954,0.210355916,"35,890","4,948",0.090293662,770,"17,465","3,275","8,295","4,830",365,200,650,75,30,"4,580",0.88701,0.90907,0.11299,57528,0.143658429,0.856341571,0.178,0.356125356,7345,11575,6915,7230,0.57220626,0.695357932,0.259,0.2367,0.095,0.2639,0.0909,0.0488,0.0063,0,3.26,0.905263158,0.3764,0.345862287
29,Maple Leaf,1371,0.163799283,0.950505203,0.26502344,"8,370","4,012",0.068667545,645,985,140,790,"1,200",35,270,10,45,20,"5,565",0.42658,0.3691,0.57342,57721,0.144751901,0.855248099,0.146,0.264957265,2395,2380,1200,1580,0.632031767,0.799372277,0.4599,0.225,0.0492,0.0267,0.0577,0.1786,0,0.0014,2.77,0.647368421,0.4613,0.435249526
12,Markland Wood,405,0.044456641,0.157399994,0.256297654,"9,110","3,614",0.059471824,135,230,260,180,100,45,50,50,245,40,"9,060",0.12843,0.01944,0.87157,74376,0.239113438,0.760886562,0.085,0.091168091,1070,2255,1655,3525,0.390946502,0.38021451,0.413,0.4698,0.0012,0.0661,0.0093,0.0394,0.0012,0,2.43,0.468421053,0.5185,0.495472731
130,Milliken,1147,0.051239669,0.202477384,0.122411737,"22,385","2,830",0.04135764,35,"3,080","18,715","1,070","1,015",165,240,130,0,35,900,0.96455,1,0.03545,60262,0.159148338,0.840851662,0.201,0.421652422,6320,7115,3070,4635,0.635525071,0.805445835,0.5075,0.2563,0.0716,0.0794,0.0677,0.0124,0.0039,0,3.39,0.973684211,0.3364,0.303748158
17,Mimico (includes Humber Bay Shores),1855,0.062175297,0.275151354,0.219946634,"29,835","4,915",0.089531203,985,"1,865","1,635","1,730","1,145",340,405,335,515,200,"22,915",0.28547,0.20361,0.71453,64589,0.183663641,0.816336359,0.17,0.333333333,3570,6410,6080,11520,0.361856418,0.329637653,0.1269,0.6083,0.016,0.0515,0.02,0.177,0.0006,0,1.87,0.173684211,0.8053,0.797431038
135,Morningside,1464,0.102521008,0.543273402,0.235924488,"14,280","3,041",0.046232758,345,"5,155",880,"3,065","1,865",135,210,270,65,65,"4,290",0.73753,0.73377,0.26247,54746,0.127896568,0.872103432,0.222,0.481481481,2465,4345,3065,3220,0.520045819,0.604670291,0.3881,0.3626,0.0043,0.1566,0.0528,0.0349,0.0009,0.0009,2.92,0.726315789,0.4503,0.423668141
73,Moss Park,1167,0.068546256,0.317490292,0.217456017,"17,025","14,753",0.316836487,395,"1,315","1,435","2,590",425,260,340,280,175,105,"10,595",0.4086,0.34801,0.5914,41295,0.0516878,0.9483122,0.291,0.678062678,1680,3415,2510,8465,0.317050404,0.251736631,0.0056,0.7134,0.0117,0.0545,0.0095,0.2035,0.0026,0,1.6,0.031578947,0.9264,0.924931565
115,Mount Dennis,1329,0.122375691,0.675219974,0.269837176,"10,860","6,442",0.124812273,"1,380",510,310,"4,360",860,75,655,95,155,45,"4,255",0.66496,0.64866,0.33504,46811,0.08293957,0.91706043,0.228,0.498575499,2810,3385,1980,1650,0.630534351,0.796768827,0.1847,0.4826,0.029,0.0648,0.0406,0.2002,0.001,0,2.56,0.536842105,0.7234,0.711202358
2,Mount Olive-Silverstone-Jamestown,4007,0.155641872,0.896294193,0.200082569,"25,745","7,291",0.144428271,"1,085","11,095",285,"8,390",815,"2,650",590,"1,415",70,10,"4,375",0.85786,0.87488,0.14214,49934,0.100633421,0.899366579,0.246,0.54985755,7895,7785,3845,4450,0.654014599,0.837592259,0.1677,0.6246,0.0162,0.1054,0.0765,0.0091,0,0,3.32,0.936842105,0.7102,0.697304696
99,Mount Pleasant East,344,0.024963716,0.027857526,0.240984165,"13,780","5,411",0.100991197,285,680,990,470,405,60,50,245,240,145,"12,930",0.21636,0.12257,0.78364,84873,0.298585852,0.701414148,0.1,0.133903134,1015,2280,1865,7970,0.250952018,0.136816078,0.2903,0.3058,0.2177,0.0188,0.0242,0.1418,0.0007,0,2.25,0.373684211,0.4718,0.446304485
104,Mount Pleasant West,1290,0.048587571,0.184852563,0.192548241,"26,550","21,969",0.483560916,950,"1,895","1,515","1,185","1,055",410,115,"1,125",745,240,"19,200",0.32478,0.24971,0.67522,55802,0.133879503,0.866120497,0.196,0.407407407,1500,4475,4165,14915,0.238475354,0.115123792,0.0272,0.8453,0.0106,0.0114,0.0057,0.1003,0.0003,0,1.65,0.057894737,0.9513,0.95114761
18,New Toronto,588,0.060775194,0.265846809,0.238410206,"9,675","3,342",0.053187311,290,590,340,"1,250",405,95,105,30,50,65,"7,675",0.29555,0.21543,0.70445,44141,0.067812263,0.932187737,0.229,0.501424501,1610,2505,2015,2790,0.46132287,0.502572884,0.2893,0.2195,0.04,0.0484,0.0372,0.3656,0.0009,0,2.1,0.294736842,0.6223,0.604758897
50,Newtonbrook East,443,0.031744894,0.072922622,0.164972831,"13,955","3,926",0.06668053,165,745,"4,830",205,465,150,110,"2,320","1,920",70,"4,320",0.71765,0.71045,0.28235,61490,0.166105767,0.833894233,0.275,0.632478632,1485,3005,1815,6745,0.344061303,0.298698555,0.451,0.4232,0.0016,0.0049,0.0621,0.0539,0,0,2.54,0.526315789,0.5392,0.517266793
36,Newtonbrook West,2075,0.099615939,0.523967432,0.225449608,"20,830","5,070",0.093112451,360,"1,025","2,650",485,"4,355",105,185,"1,875","2,210",100,"9,805",0.57655,0.54497,0.42345,50150,0.101857203,0.898142797,0.263,0.598290598,2450,5515,3040,7920,0.420871863,0.432243601,0.2824,0.4911,0.0675,0.0614,0.0419,0.0552,0,0,2.64,0.578947368,0.5882,0.568856601
82,Niagara,1012,0.035640077,0.098808507,0.199990735,"28,395","10,156",0.210623599,"1,005","2,210","2,260","1,635",780,490,365,365,475,180,"19,765",0.33068,0.25663,0.66932,70862,0.219204315,0.780795685,0.128,0.213675214,1280,3805,4895,17025,0.188298463,0.027884808,0.0019,0.8335,0.0059,0.0458,0.0168,0.0943,0.0027,0,1.62,0.042105263,0.9446,0.944093493
68,North Riverdale,242,0.024871531,0.0272449,0.244156107,"9,730","6,770",0.132390656,130,405,"1,230",330,135,10,105,30,25,140,"8,875",0.22251,0.12978,0.77749,80260,0.272450171,0.727549829,0.115,0.176638177,1040,1850,1260,5185,0.309587574,0.238761539,0.1628,0.1399,0.2607,0.0719,0.0629,0.2917,0.008,0,2.33,0.415789474,0.4945,0.470204254
74,North St. James Town,1288,0.080174292,0.394765738,0.239194826,"16,065","44,321",1,615,"3,770",890,"2,115","2,800",395,270,380,325,85,"6,075",0.65717,0.63952,0.34283,32514,0.001937655,0.998062345,0.338,0.811965812,2040,3805,2650,6305,0.394932432,0.387144563,0.0005,0.9257,0,0.0105,0.0021,0.0602,0,0,1.92,0.2,0.988,0.989787324
121,Oakridge,1117,0.10385867,0.552162988,0.229815836,"10,755","7,444",0.14796331,145,"4,800",705,"2,500",675,125,125,600,30,25,"3,365",0.74303,0.74022,0.25697,33980,0.01024351,0.98975649,0.395,0.974358974,2270,3020,1715,2950,0.531391261,0.624395801,0.1989,0.6013,0.0265,0.0379,0.0833,0.0473,0.0028,0,2.57,0.542105263,0.7319,0.720151611
107,Oakwood Village,1257,0.070439899,0.330074714,0.267816206,"17,845","9,511",0.195720986,"1,325",625,880,"2,720","1,910",110,385,145,120,125,"11,910",0.412,0.352,0.588,49838,0.100089517,0.899910483,0.169,0.33048433,4450,4175,2705,5080,0.52559415,0.614316778,0.3214,0.1754,0.1449,0.0023,0.0788,0.2749,0.0012,0,2.42,0.463157895,0.5291,0.506632975
54,O'Connor-Parkview,887,0.057616109,0.244852747,0.249995728,"15,395","3,780",0.063307225,340,"1,730",635,"1,865","1,120",155,100,435,100,145,"11,520",0.36511,0.29701,0.63489,54491,0.126451825,0.873548175,0.212,0.452991453,2905,4240,2985,3970,0.506737589,0.581532219,0.4056,0.3206,0.0174,0.0194,0.0382,0.1988,0,0,2.48,0.494736842,0.5576,0.536639292
58,Old East York,386,0.049870801,0.193380415,0.275184789,"7,740","3,997",0.068320972,110,295,745,265,430,30,190,100,55,65,"6,750",0.25291,0.16542,0.74709,72230,0.226954935,0.773045065,0.13,0.219373219,1340,1930,1380,2435,0.461538462,0.502947718,0.5858,0.1372,0.0449,0,0.1121,0.1201,0.0013,0,2.43,0.468421053,0.3694,0.338492314
80,Palmerston-Little Italy,383,0.030652261,0.065661404,0.25215809,"12,495","9,601",0.197800421,240,395,"1,135",330,95,55,85,75,200,125,"10,810",0.20192,0.10563,0.79808,59378,0.154139896,0.845860104,0.137,0.239316239,1795,2410,1545,6210,0.351588629,0.31178578,0.0561,0.049,0.1517,0.0466,0.0648,0.6145,0.0205,0,2.17,0.331578947,0.7283,0.716361339
45,Parkwoods-Donalda,1869,0.064693666,0.291887464,0.219469011,"28,890","4,691",0.084355722,"1,025","3,610","2,875","3,910","2,435","1,515",195,"1,600",580,225,"15,655",0.53442,0.49557,0.46558,59027,0.15215125,0.84784875,0.193,0.398860399,4140,7660,5295,9410,0.445199019,0.474539494,0.1919,0.5039,0.1018,0.1029,0.0094,0.089,0.0011,0,2.61,0.563157895,0.6023,0.583701832
23,Pelmo Park-Humberlea,1169,0.130250696,0.727554222,0.246675694,"8,975","2,547",0.034818974,820,750,230,"1,200",485,55,705,45,30,20,"6,035",0.41831,0.3594,0.58169,67412,0.199657794,0.800342206,0.107,0.153846154,2210,2635,1595,1595,0.602986932,0.748874093,0.4838,0.1442,0.1375,0.0701,0.0943,0.0647,0.0027,0,2.89,0.710526316,0.3032,0.26879343
67,Playter Estates-Danforth,270,0.041570439,0.138219408,0.257821435,"6,495","8,671",0.176312932,125,240,505,190,90,40,60,25,40,130,"6,085",0.1919,0.09388,0.8081,62185,0.170043399,0.829956601,0.137,0.239316239,635,1190,960,3380,0.296025953,0.215182916,0.1762,0.2587,0.1622,0.0168,0.0559,0.3273,0.0042,0,2.14,0.315789474,0.6419,0.62539482
46,Pleasant View,884,0.064267539,0.289055588,0.174007406,"13,755","5,273",0.097802731,145,"1,310","5,630",745,610,405,125,480,250,110,"5,660",0.63413,0.6125,0.36587,65197,0.187108361,0.812891639,0.177,0.353276353,2355,3495,2205,4625,0.461356467,0.502631297,0.183,0.2672,0.327,0.0489,0.0199,0.1495,0.0036,0,2.86,0.694736842,0.4366,0.409244051
10,Princess-Rosethorn,384,0.041401617,0.137097482,0.236460477,"9,275","2,138",0.0253691,165,590,500,160,90,20,75,85,220,55,"8,945",0.17973,0.07961,0.82027,114844,0.468391293,0.531608707,0.072,0.054131054,955,2005,1285,4480,0.339255014,0.290342204,0.8536,0.114,0.0013,0.0104,0.0142,0.0039,0.0026,0,2.86,0.694736842,0.1321,0.088650242
72,Regent Park,586,0.064787175,0.292508888,0.209671942,"9,045","16,880",0.365980453,285,"2,770","1,350","1,465",305,250,390,175,75,30,"3,205",0.68883,0.67666,0.31117,32172,0,1,0.373,0.911680912,1870,2335,1220,3085,0.494124559,0.559602844,0.001,0.7319,0.0101,0.1018,0.002,0.1482,0.005,0,2.15,0.321052632,0.8821,0.878290166
4,Rexdale-Kipling,853,0.097765043,0.511667091,0.310169194,"8,725","4,229",0.073681292,850,"1,420",165,"1,470",515,110,170,215,10,35,"4,990",0.49849,0.45343,0.50151,56545,0.138089087,0.861910913,0.172,0.339031339,1960,2675,1625,1620,0.58819797,0.723161577,0.461,0.1195,0.0078,0.1117,0.1247,0.174,0,0,2.69,0.605263158,0.4182,0.389871552
111,Rockcliffe-Smythe,1992,0.10632506,0.568553665,0.243174546,"18,735","4,414",0.077955685,"2,200",990,465,"3,400",785,145,"1,285",85,55,90,"12,000",0.44186,0.38702,0.55814,49695,0.099279328,0.900720672,0.203,0.427350427,5695,5470,3015,2700,0.661433649,0.850491234,0.305,0.3596,0.1164,0.0265,0.0513,0.1407,0,0,2.45,0.478947368,0.5516,0.530322173
86,Roncesvalles,450,0.035785288,0.099773523,0.230506747,"12,575","9,851",0.203576627,290,835,560,770,300,60,315,30,70,95,"11,080",0.23082,0.13952,0.76918,52154,0.113211182,0.886788818,0.182,0.367521368,1800,2725,1815,5490,0.382502113,0.365532853,0.098,0.2496,0.1444,0.0464,0.0624,0.394,0.0029,0.0029,2.16,0.326315789,0.706,0.692882712
98,Rosedale-Moore Park,456,0.025333333,0.030313858,0.229746017,"18,000","4,500",0.0799427,270,605,"1,150",395,210,155,45,235,300,135,"16,880",0.17174,0.07023,0.82826,88855,0.321146503,0.678853497,0.119,0.188034188,1045,2870,1795,11425,0.22847972,0.097745095,0.2439,0.4968,0.0483,0.0259,0.0343,0.1498,0.0005,0,2.05,0.268421053,0.6809,0.666456096
131,Rouge,3741,0.098163212,0.514313169,0.203813424,"38,110","1,260",0.005083062,495,"20,175","2,100","6,525","4,095",395,295,535,65,105,"8,750",0.79901,0.80587,0.20099,81553,0.279775867,0.720224133,0.084,0.088319088,6580,11740,7740,9195,0.519642604,0.603969249,0.5697,0.0758,0.0855,0.1386,0.0874,0.043,0.0015,0,3.44,1,0.2062,0.166666667
89,Runnymede-Bloor West Village,201,0.025046729,0.028409198,0.225805285,"8,025","6,333",0.122293847,120,245,365,215,145,20,50,25,115,135,"8,465",0.14495,0.03882,0.85505,91230,0.334602441,0.665397559,0.07,0.048433048,960,1385,1140,4165,0.306535948,0.233455895,0.5301,0,0.199,0.0131,0.0628,0.1924,0.0026,0,2.64,0.578947368,0.2552,0.218256475
28,Rustic,756,0.096613419,0.504013842,0.253763407,"7,825","4,734",0.085349229,735,420,135,"3,455",355,45,260,30,0,0,"3,945",0.57942,0.54835,0.42058,43976,0.066877429,0.933122571,0.274,0.62962963,2550,2420,1285,800,0.704464918,0.925306635,0.3151,0.5384,0.0575,0.0014,0.0233,0.0658,0,0,2.67,0.594736842,0.6275,0.610233733
139,Scarborough Village,1841,0.140749235,0.797323467,0.232797965,"13,080","5,395",0.10062152,280,"5,520",390,"3,330",950,140,70,570,20,20,"4,370",0.72095,0.71431,0.27905,42131,0.05642429,0.94357571,0.29,0.675213675,2955,3785,2305,2935,0.562604341,0.678663759,0.1867,0.6723,0.0051,0.0456,0.0287,0.06,0,0,2.77,0.647368421,0.761,0.75078964
85,South Parkdale,1432,0.077092867,0.374287775,0.28203728,"18,575","9,583",0.197384534,515,"1,830",680,"2,105","1,505",165,680,145,100,60,"10,730",0.42047,0.36193,0.57953,35601,0.019427542,0.980572458,0.285,0.660968661,3050,4520,3630,5900,0.442690058,0.470177343,0.0176,0.6295,0.0132,0.0312,0.0184,0.288,0.0004,0.0004,1.81,0.142105263,0.9359,0.93493367
70,South Riverdale,875,0.037821483,0.113305291,0.254803845,"23,135","3,136",0.048427717,310,"1,170","5,800","1,380",565,160,650,130,165,175,"15,815",0.39913,0.3369,0.60087,65076,0.186422817,0.813577183,0.168,0.327635328,4050,4820,3700,9420,0.403365166,0.401805955,0.0716,0.1801,0.1979,0.1375,0.0567,0.3474,0.007,0,2.24,0.368421053,0.5842,0.564645188
40,St.Andrew-Windfields,502,0.033366567,0.083699636,0.1858262,"15,045","2,430",0.032115709,305,"1,075","3,845",660,395,185,70,"1,120",820,145,"8,735",0.49669,0.45132,0.50331,94271,0.351831707,0.648168293,0.167,0.324786325,1440,3135,1815,7770,0.32309322,0.262242845,0.5051,0.2716,0.0272,0.084,0.0187,0.0926,0.0008,0,2.75,0.636842105,0.3829,0.352705833
116,Steeles,1217,0.057595835,0.244718014,0.112418508,"21,130","5,436",0.101568818,30,"1,560","17,755",595,595,515,170,110,120,60,"2,200",0.90721,0.93276,0.09279,60946,0.163023648,0.836976352,0.192,0.396011396,4975,6235,2865,5810,0.563741514,0.680640881,0.477,0.3476,0.0237,0.0711,0.0455,0.0365,0,0.0006,3.11,0.826315789,0.4296,0.401874079
16,Stonegate-Queensway,894,0.042887983,0.146975297,0.232882644,"20,845","3,199",0.049883321,400,925,565,585,510,110,275,175,230,150,"20,310",0.16196,0.05876,0.83804,78238,0.26099421,0.73900579,0.116,0.179487179,2720,4565,3630,8490,0.375418707,0.353217438,0.5581,0.0998,0.0096,0.0424,0.0236,0.2665,0.0005,0,2.4,0.452631579,0.3899,0.360075805
118,Tam O'Shanter-Sullivan,1525,0.065888961,0.299830934,0.193042194,"23,145","5,073",0.093181766,360,"4,690","8,665","1,860","2,145",570,165,425,255,175,"6,705",0.74226,0.73932,0.25774,49720,0.09942097,0.90057903,0.217,0.467236467,4460,6350,3690,6895,0.505258238,0.578960177,0.3062,0.4831,0.0164,0.0915,0.0666,0.0338,0.003,0,2.69,0.605263158,0.5835,0.563908191
61,Taylor-Massey,1044,0.083320032,0.415671114,0.248588131,"12,530","15,528",0.334742728,215,"5,975",675,"1,535",670,115,175,260,160,55,"5,125",0.65742,0.63981,0.34258,40915,0.049534849,0.950465151,0.308,0.726495726,2030,3065,2050,4535,0.436215753,0.45892093,0.0956,0.7713,0.0311,0.0295,0.0311,0.0382,0.004,0,2.47,0.489473684,0.8406,0.834596757
63,The Beaches,366,0.02077185,0,0.230739274,"17,620","6,058",0.11594002,215,645,615,345,230,90,160,55,115,110,"18,465",0.12259,0.0126,0.87741,85028,0.299464029,0.700535971,0.1,0.133903134,1455,3420,2680,9235,0.2903514,0.205316975,0.2748,0.0679,0.1538,0.0361,0.0493,0.4164,0.0016,0,2.27,0.384210526,0.5336,0.511370815
3,Thistletown-Beaumond Heights,1226,0.145952381,0.83190157,0.2110198,"8,400","3,130",0.048289088,660,"2,555",110,"1,645",305,380,120,250,40,15,"3,615",0.62713,0.60429,0.37287,62042,0.16923321,0.83076679,0.164,0.316239316,2075,2340,1440,1690,0.585155732,0.717872256,0.4802,0.2073,0.0915,0.0152,0.1143,0.0899,0.0015,0,3.09,0.815789474,0.4115,0.382817435
55,Thorncliffe Park,2018,0.132327869,0.741358314,0.207245158,"15,250","6,787",0.132783438,305,"9,845",435,"1,115","1,505",685,95,"1,795",130,20,"4,345",0.7857,0.79025,0.2143,40795,0.04885497,0.95114503,0.404,1,3195,4015,2070,5075,0.50226402,0.573754343,0,0.9341,0,0.0119,0,0.0526,0,0,2.93,0.731578947,0.9867,0.988418614
81,Trinity-Bellwoods,574,0.039627201,0.125305397,0.25205393,"14,485","9,570",0.197084171,190,280,"3,225",320,140,65,165,50,65,80,"11,410",0.28643,0.20474,0.71357,56368,0.137086265,0.862913735,0.151,0.279202279,3115,3275,1740,5745,0.460540541,0.501212704,0.0558,0.0427,0.1035,0.1289,0.1267,0.4902,0.0529,0,2.35,0.426315789,0.6596,0.644030322
79,University,338,0.054781199,0.226013028,0.239713416,"6,170","5,395",0.10062152,120,395,835,180,140,40,80,40,165,105,"4,470",0.31963,0.24368,0.68037,51222,0.107930788,0.892069212,0.245,0.547008547,520,1190,600,3515,0.293562232,0.21089942,0.0368,0.3309,0.0632,0.0838,0.0544,0.4147,0.0147,0,1.97,0.226315789,0.8,0.791850916
43,Victoria Village,1301,0.089415808,0.456181293,0.251113357,"14,550","3,710",0.061689887,430,"2,985",730,"2,075","1,240","1,070",95,720,160,75,"7,035",0.57659,0.54502,0.42341,47529,0.087007513,0.912992487,0.236,0.521367521,2930,3780,2930,3760,0.500746269,0.571115538,0.1686,0.4363,0.0411,0.0492,0.0243,0.2778,0.002,0,2.32,0.410526316,0.7384,0.726995157
77,Waterfront Communities-The Island,2254,0.036360703,0.10359751,0.172950785,"61,990","8,943",0.182597445,"1,405","6,735","9,020","3,650","1,380","1,440",675,"1,300","1,055",555,"36,715",0.4257,0.36807,0.5743,69107,0.209261085,0.790738915,0.156,0.293447293,1900,8340,7470,41735,0.172260072,5.84E-10,0.0063,0.9633,0.001,0.0137,0.002,0.0131,0.0005,0,1.61,0.036842105,0.9784,0.979679933
136,West Hill,1888,0.084323359,0.422338839,0.251198085,"22,390","2,856",0.041958365,555,"5,060",685,"5,835","2,330",115,215,510,80,55,"9,885",0.60967,0.58382,0.39033,49713,0.09938131,0.90061869,0.23,0.504273504,4990,6425,4625,4330,0.560382916,0.674801526,0.3225,0.349,0.0451,0.1447,0.0736,0.0636,0.003,0,2.7,0.610526316,0.4862,0.461465572
1,West Humber-Clairville,4050,0.145421903,0.828376218,0.222498124,"27,850","1,117",0.001779072,"1,300","13,920",470,"6,260","1,615",240,490,300,60,60,"5,940",0.80623,0.81433,0.19377,66241,0.193023309,0.806976691,0.153,0.284900285,5905,8510,5025,6170,0.562866068,0.679118805,0.3761,0.2201,0.0287,0.1273,0.1798,0.0666,0.0005,0,3.2,0.873684211,0.4665,0.440724363
35,Westminster-Branson,2613,0.115364238,0.628624559,0.281708959,"22,650","7,339",0.145537303,450,720,775,"1,050","5,990",270,120,850,925,105,"14,410",0.43853,0.38312,0.56147,45888,0.077710168,0.922289832,0.216,0.464387464,2745,5540,4015,8485,0.398604763,0.393529382,0.0851,0.7565,0.0543,0.046,0.0142,0.0445,0,0,2.55,0.531578947,0.8152,0.807854285
113,Weston,2174,0.14880219,0.850840302,0.265282752,"14,610","7,197",0.142256417,"1,390",765,335,"6,045",590,120,550,145,75,65,"6,925",0.59277,0.56399,0.40723,45119,0.073353276,0.926646724,0.267,0.60968661,3630,4180,2970,2395,0.592789374,0.731144325,0.2132,0.5796,0.027,0.0211,0.0303,0.1303,0.0007,0,2.33,0.415789474,0.7402,0.728890293
91,Weston-Pelham Park,918,0.097503983,0.509932187,0.25389789,"9,415","7,601",0.151590767,780,410,285,"1,255",315,80,495,30,10,30,"6,885",0.34894,0.27804,0.65106,51205,0.107834472,0.892165528,0.192,0.396011396,3095,2590,1420,1610,0.65232358,0.834652206,0.1195,0.1183,0.2888,0.071,0.0497,0.3491,0.0036,0,2.62,0.568421053,0.5171,0.493998737
119,Wexford/Maryvale,1937,0.083008357,0.413599842,0.220839259,"23,335","2,724",0.038908528,600,"4,195","1,910","2,055","3,405","1,185",215,535,190,70,"12,270",0.53924,0.50122,0.46076,58939,0.151652672,0.848347328,0.18,0.361823362,4395,7240,4165,5305,0.551291163,0.658994344,0.5235,0.1846,0.0015,0.0356,0.1455,0.1094,0.0005,0.0005,2.73,0.626315789,0.4395,0.412297326
51,Willowdale East,1345,0.030333784,0.063544929,0.135519619,"44,340","10,087",0.209029366,825,"3,375","16,980","1,135",845,"1,320",385,"5,985","5,255",665,"12,545",0.74561,0.74324,0.25439,64362,0.182377537,0.817622463,0.306,0.720797721,3110,8580,5225,25095,0.278267079,0.184306828,0.1517,0.7216,0.0029,0.0379,0.0112,0.074,0.0009,0,2.25,0.373684211,0.8068,0.799010318
37,Willowdale West,529,0.035420154,0.097346984,0.217330213,"14,935","5,820",0.110441071,190,860,"3,655",220,265,190,170,"1,730","1,930",145,"7,040",0.5706,0.538,0.4294,60537,0.160706394,0.839293606,0.271,0.621082621,1405,3140,1935,7515,0.324758842,0.265138743,0.2689,0.6132,0.0185,0.0331,0.0397,0.0258,0,0,2.22,0.357894737,0.6787,0.664139819
7,Willowridge-Martingrove-Richview,1371,0.07378902,0.352331681,0.235116339,"18,580","4,007",0.068552021,935,"2,340",515,"2,960",645,135,110,150,410,90,"13,270",0.38451,0.31976,0.61549,63701,0.178632537,0.821367463,0.134,0.230769231,3440,5205,3075,5265,0.50897851,0.58542835,0.4233,0.4397,0.0623,0.0406,0.03,0.0041,0,0,2.6,0.557894737,0.4738,0.448410192
137,Woburn,4588,0.105714286,0.564494697,0.208182015,"43,400","4,345",0.076361452,745,"21,545","3,715","5,835","4,090",610,315,"1,320",210,100,"12,495",0.7549,0.75414,0.2451,52018,0.112440652,0.887559348,0.25,0.561253561,8850,13170,7535,10860,0.54484721,0.647790702,0.3423,0.5061,0.0155,0.013,0.0949,0.0266,0.0005,0,2.87,0.7,0.6276,0.610339019
64,Woodbine Corridor,334,0.033036597,0.081506782,0.289343822,"10,110","7,838",0.157066611,140,610,"1,025",775,235,40,75,30,50,100,"9,050",0.25392,0.16661,0.74608,72937,0.230960556,0.769039444,0.151,0.279202279,1430,2065,1760,4220,0.368865435,0.341823733,0.1622,0.1265,0.2851,0.055,0.0348,0.3318,0.0046,0,2.28,0.389473684,0.4931,0.468730259
60,Woodbine-Lumsden,287,0.042931937,0.147267399,0.256083111,"6,685","6,722",0.131281625,155,345,730,475,290,45,55,30,65,70,"5,415",0.29446,0.21416,0.70554,65259,0.187459632,0.812540368,0.135,0.233618234,1015,1760,1235,2245,0.443645084,0.471837778,0.5472,0.1771,0.0943,0.0058,0.0827,0.0929,0.0015,0,2.27,0.384210526,0.3527,0.320909665
94,Wychwood,591,0.052116402,0.208303814,0.297082988,"11,340","8,541",0.173309304,445,255,805,865,440,95,165,55,135,60,"9,605",0.25687,0.17007,0.74313,55941,0.134667029,0.865332971,0.158,0.299145299,1860,2285,1710,4775,0.389934149,0.378454403,0.1563,0.2201,0.1495,0.0493,0.0671,0.3534,0.0059,0,2.24,0.368421053,0.6406,0.624026111
100,Yonge-Eglinton,295,0.0295,0.058003921,0.236354696,"10,000","7,162",0.141447748,220,445,980,295,290,105,75,215,250,115,"8,650",0.25687,0.17007,0.74313,72977,0.231187182,0.768812818,0.132,0.225071225,575,1430,1275,6255,0.210277923,0.066098929,0.2467,0.3515,0.0819,0.0106,0.0546,0.2546,0,0,2.08,0.284210526,0.6607,0.645188461
97,Yonge-St.Clair,298,0.026666667,0.039174682,0.228432316,"11,175","10,708",0.223377464,160,560,575,235,230,125,50,190,135,115,"9,740",0.19604,0.09873,0.80396,71728,0.224110775,0.775889225,0.151,0.279202279,460,1820,1410,6775,0.217869087,0.079297144,0.0741,0.6151,0.0641,0.0314,0.0185,0.1953,0,0,1.76,0.115789474,0.8289,0.822278374
27,York University Heights,3273,0.139128587,0.786553265,0.237935351,"23,525","2,086",0.024167649,"1,765","4,180","1,500","5,205","2,645",280,"1,375",605,390,30,"8,430",0.68074,0.66717,0.31926,45534,0.075704525,0.924295475,0.238,0.527065527,5125,6980,3765,5555,0.564994166,0.682818777,0.1214,0.541,0.1337,0.0762,0.0275,0.0978,0,0,2.71,0.615789474,0.6663,0.651084439
31,Yorkdale-Glen Park,1598,0.132504146,0.742529783,0.252438987,"12,060","2,451",0.03260091,710,865,850,"1,460","1,110",50,535,50,55,40,"7,695",0.4266,0.36912,0.5734,54093,0.124196893,0.875803107,0.153,0.284900285,3445,3385,1755,2405,0.621474067,0.781016357,0.4051,0.2217,0.015,0.1123,0.087,0.1553,0.0009,0,2.62,0.568421053,0.464,0.43809223
